Topicality,prompt,Keywords,,,,
Diwali,"Create a comprehensive marketing strategy for a product launch that aligns with the consumer behavior trends and key attributes of Diwali, the festival of lights, which is celebrated with fireworks, sweets, and family gatherings. The strategy should detail promotional activities, target audience, messaging, and product placement ideas, focusing on products related to fireworks, sweets, and festive decorations.","Festival of lights, celebrated with fireworks, sweets, and family gatherings. ",,,,
Holi,"Develop a comprehensive marketing strategy for a product launch that aligns with the consumer behavior trends and key attributes of Holi, the festival of colors, which is celebrated with color throwing, music, and dance. The strategy should detail promotional activities, target audience, messaging, and product placement ideas, focusing on products related to colors, festive clothing, music and dance accessories, and party supplies.","Festival of colors, celebrated with color throwing, music, and dance.",,,,
Eid-ul-Fitr,"Develop a comprehensive marketing strategy for a product launch that aligns with the consumer behavior trends and key attributes of Eid-ul-Fitr, an important Muslim festival marked by feasting and prayers. The strategy should detail promotional activities, target audience, messaging, and product placement ideas, focusing on products related to festive foods, traditional clothing, gifts, and home decor.",Important Muslim festival marked by feasting and prayers.,,,,
Eid-ul-Adha,"Develop a comprehensive marketing strategy for a product launch that aligns with the consumer behavior trends and key attributes of Eid-ul-Adha, an important Muslim festival marked by feasting and prayers. The strategy should detail promotional activities, target audience, messaging, and product placement ideas, focusing on products related to festive foods, traditional clothing, gifts, and home decor.",Important Muslim festival marked by feasting and prayers.,,,,
Navratri,"Develop a comprehensive marketing strategy for a product launch that aligns with the consumer behavior trends and key attributes of Navratri, a festival celebrating the victory of good over evil, involving fasting and cultural performances. The strategy should detail promotional activities, target audience, messaging, and product placement ideas, focusing on products related to fasting foods, traditional clothing, cultural performance accessories, and home decor.","Festival celebrating the victory of good over evil, involving fasting and cultural performances.",,,,
Dussehra,"Create a comprehensive marketing strategy for a product launch that aligns with the consumer behavior trends and key attributes of Dussehra, a festival celebrating the victory of good over evil, involving fasting and cultural performances. The strategy should detail promotional activities, target audience, messaging, and product placement ideas, focusing on products related to fasting foods, traditional clothing, cultural performance accessories, and home decor.
","Festival celebrating the victory of good over evil, involving fasting and cultural performances.",,,,
Ganesh Chaturthi,"Develop a comprehensive marketing strategy for a product launch that aligns with the consumer behavior trends and key attributes of Ganesh Chaturthi, a festival honoring the elephant-headed God Ganesha, involving processions and idol immersion. The strategy should detail promotional activities, target audience, messaging, and product placement ideas, focusing on products related to idols, traditional clothing, decorations, and festive foods.","Festival honoring the elephant-headed god Ganesha, with processions and idol immersion",,,,
Durga Puja,"Develop a comprehensive marketing strategy for a product launch that aligns with the consumer behavior trends and key attributes of Durga Puja, a major festival in West Bengal celebrating goddess Durga with elaborate pandals and cultural events. The strategy should detail promotional activities, target audience, messaging, and product placement ideas, focusing on products related to traditional clothing, decorations, cultural performance accessories, and festive foods.","Major festival in Bengal, celebrating goddess Durga with elaborate pandals and cultural events",,,,
Christmas,"Develop a comprehensive marketing strategy for a product launch that aligns with the consumer behavior trends and key attributes of Christmas, a festival celebrated by Christians and many others with decorations, gifts, and feasts. The strategy should detail promotional activities, target audience, messaging, and product placement ideas, focusing on products related to holiday decorations, gifts, festive foods, and winter clothing.","Celebrated by Christians and many others with decorations, gifts, and feasts",,,,
Independence Day,"Develop a comprehensive marketing strategy for a product launch that aligns with the consumer behavior trends and key attributes of Independence Day, a celebration with parades, flag hoisting, and patriotic events. The strategy should detail promotional activities, target audience, messaging, and product placement ideas, focusing on products related to patriotism, outdoor activities, and family gatherings.","Celebrations with parades, flag hoisting, and patriotic events",,,,
Republic Day,"Craft a comprehensive marketing strategy for a product launch that aligns with the consumer behavior trends and key attributes of Republic Day, marked by a grand parade in New Delhi showcasing India's cultural and military heritage. The strategy should detail promotional activities, target audience, messaging, and product placement ideas, focusing on products related to patriotism, cultural heritage, and celebration.",Marked by a grand parade in New Delhi showcasing India's cultural and military heritage,,,,
Gandhi Jayanti,"Create a comprehensive marketing strategy for a product launch that aligns with the consumer behavior trends and key attributes of Gandhi Jayanti, celebrating the birth anniversary of Mahatma Gandhi with activities promoting peace and non-violence. The strategy should detail promotional activities, target audience, messaging, and product placement ideas, focusing on products related to peace, non-violence, and social responsibility.",Celebrating the birth anniversary of Mahatma Gandhi with activities promoting peace and non-violence,,,,
Children's Day,"Create a comprehensive marketing strategy for a product launch that aligns with the consumer behavior trends and key attributes of Children's Day, celebrated on Jawaharlal Nehru’s birthday, focusing on children's welfare and education. The strategy should detail promotional activities, target audience, messaging, and product placement ideas, focusing on products related to children's education, entertainment, and well-being.

","Celebrated on Jawaharlal Nehru’s birthday, focusing on children's welfare and education",,,,
World Environment Day,"Craft a comprehensive marketing strategy for a product launch that aligns with the consumer behavior trends and key attributes of World Environment Day, promoting environmental awareness and sustainable practices. The strategy should detail promotional activities, target audience, messaging, and product placement ideas, focusing on eco-friendly products, sustainability initiatives, and environmental conservation efforts.",Promoting environmental awareness and sustainable practices,,,,
International Yoga Day,"Develop a comprehensive marketing strategy for a product launch that aligns with the consumer behavior trends and key attributes of International Yoga Day, promoting health and wellness through yoga practices. The strategy should detail promotional activities, target audience, messaging, and product placement ideas, focusing on products related to yoga, fitness, and holistic well-being.",Promoting health and wellness through yoga practices,,,,
Earth Hour,"Create a comprehensive marketing strategy for a product launch that aligns with the consumer behavior trends and key attributes of Earth Hour, encouraging energy conservation by turning off non-essential lights for one hour. The strategy should detail promotional activities, target audience, messaging, and product placement ideas, focusing on products related to energy efficiency, sustainability, and environmental consciousness.",Encouraging energy conservation by turning off non-essential lights for one hour,,,,
World Health Day,"Create a comprehensive marketing strategy for a product launch that aligns with the consumer behavior trends and key attributes of World Health Day, focusing on global health awareness and initiatives. The strategy should detail promotional activities, target audience, messaging, and product placement ideas, focusing on products related to health, wellness, and healthcare.",Focusing on global health awareness and initiatives,,,,
Monsoon Season,"Develop a comprehensive marketing strategy for a product launch that aligns with the consumer behavior trends and key attributes of the Monsoon Season, focusing on monsoon-related activities, such as rainwear promotions and agricultural campaigns. The strategy should detail promotional activities, target audience, messaging, and product placement ideas, emphasizing products related to rainwear, agricultural supplies, and outdoor activities during the monsoon.","Focus on monsoon-related activities, such as rainwear promotions and agricultural campaigns",,,,
Lohri,"Design a comprehensive marketing strategy for a product launch that aligns with the consumer behavior trends and key attributes of Lohri, celebrated in North India, marking the end of winter and the beginning of the harvest season. The strategy should detail promotional activities, target audience, messaging, and product placement ideas, emphasizing products related to celebrations, winter wear, and agricultural themes.","Celebrated in North India, marking the end of winter and the beginning of the harvest season",,,,
Makar Sankranti,"Craft a comprehensive marketing strategy for a product launch that aligns with the consumer behavior trends and key attributes of Makar Sankranti, celebrated with kite flying and traditional foods. The strategy should detail promotional activities, target audience, messaging, and product placement ideas, emphasizing products related to kite flying, traditional foods, and festive celebrations.",Celebrated with kite flying and traditional foods,,,,
Pongal,"Devise a comprehensive marketing strategy for a product launch that resonates with the consumer behavior trends and key attributes of Pongal, a South Indian harvest festival with rituals and traditional foods. The strategy should outline promotional activities, target audience, messaging, and product placement ideas, emphasizing products related to Pongal rituals, traditional foods, and festive celebrations.",South Indian harvest festival with rituals and traditional foods,,,,
Baisakhi,"Develop a comprehensive marketing strategy for a product launch that resonates with the consumer behavior trends and key attributes of Baisakhi, a Punjabi festival celebrating the harvest of the rabi crop. The strategy should outline promotional activities, target audience, messaging, and product placement ideas, emphasizing products related to Baisakhi celebrations, agricultural themes, and festive traditions.",Punjabi festival celebrating the harvest of the rabi crop,,,,
Budget Announcements,"Craft a comprehensive marketing strategy for a financial service or investment platform that resonates with the consumer behavior trends and key attributes of Budget Announcements, focusing on government budget announcements in February, impacting financial markets and economic planning. The strategy should outline promotional activities, target audience, messaging, and product placement ideas, emphasizing services or products related to financial planning, investment opportunities, and market insights during this period.","Government budget announcements in February, impacting financial markets and economic planning",,,,
Financial Year End,"Create a comprehensive marketing strategy for a financial services firm or tax planning consultancy that aligns with the consumer behavior trends and key attributes of Financial Year End, marking the end of the financial year and being relevant for tax planning and financial services marketing. The strategy should detail promotional activities, target audience, messaging, and product placement ideas, emphasizing services or products related to tax planning, financial consulting, and year-end financial reviews.","Marking the end of the financial year, relevant for tax planning and financial services marketing",,,,
Festive Sales and Discounts,"Develop a comprehensive marketing strategy for an e-commerce platform or retail chain that aligns with the consumer behavior trends and key attributes of Festive Sales and Discounts, focusing on major sales events like the Great Indian Festival and Flipkart Big Billion Days. The strategy should outline promotional activities, target audience, messaging, and product placement ideas, emphasizing products related to festive celebrations, gifts, and discounted deals during these events.",Major sales events like the Great Indian Festival and Flipkart Big Billion Days,,,,
Elections,"Craft a comprehensive marketing strategy for a news organization or media outlet that aligns with the consumer behavior trends and key attributes of Elections, focusing on national and state elections, which significantly impact public sentiment and media coverage. The strategy should outline promotional activities, target audience, messaging, and content placement ideas, emphasizing news coverage, analysis, and insights related to election events.","National and state elections, which significantly impact public sentiment and media coverage",,,,
National Policies and Reforms,"Create a comprehensive marketing strategy for a consultancy firm or advisory service that aligns with the consumer behavior trends and key attributes of National Policies and Reforms, focusing on government policy announcements and reforms in sectors like agriculture, education, and healthcare. The strategy should outline promotional activities, target audience, messaging, and service placement ideas, emphasizing advisory services, policy analysis, and implementation strategies related to these reforms.

","Government policy announcements and reforms in sectors like agriculture, education, and healthcare",,,,
Bollywood and Regional Cinema,"Craft a comprehensive marketing strategy for an entertainment news website or media outlet that aligns with the consumer behavior trends and key attributes of Bollywood and Regional Cinema, focusing on new movie releases, award shows, and celebrity news. The strategy should outline promotional activities, target audience, messaging, and content placement ideas, emphasizing entertainment news coverage, event highlights, and celebrity interviews related to Bollywood and regional cinema.","New movie releases, award shows, and celebrity news",,,,
Cricket Tournaments,"Design a comprehensive marketing strategy for a sports news website or media outlet that aligns with the consumer behavior trends and key attributes of Cricket Tournaments, focusing on IPL, World Cup, and other major cricket events. The strategy should outline promotional activities, target audience, messaging, and content placement ideas, emphasizing live match coverage, team analysis, and player interviews related to cricket tournaments.","IPL, World Cup, and other major cricket events",,,,
Pro Kabaddi League,"Develop a comprehensive marketing strategy for a sports broadcasting network or streaming platform that aligns with the consumer behavior trends and key attributes of the Pro Kabaddi League, focusing on Pro Kabaddi League matches. The strategy should outline promotional activities, target audience, messaging, and content placement ideas, emphasizing live match streaming, match highlights, and player spotlights related to the Pro Kabaddi League.",Pro Kabaddi League matches,,,,
Indian Super League,"Develop a comprehensive marketing strategy for a sports broadcasting network or streaming platform that aligns with the consumer behavior trends and key attributes of the Indian Super League (football), focusing on Indian Super League matches. The strategy should outline promotional activities, target audience, messaging, and content placement ideas, emphasizing live match streaming, match analysis, and player features related to the Indian Super League.",Indian Super League (football) matches,,,,
Television Shows and Web Series,"Create a comprehensive marketing strategy for a streaming platform that aligns with the consumer behavior trends and key attributes of Television Shows and Web Series, focusing on popular TV shows and streaming series, especially those trending on platforms like Netflix, Amazon Prime, and Hotstar. The strategy should outline promotional activities, target audience, messaging, and content placement ideas, emphasizing binge-watching, exclusive content, and personalized recommendations related to television shows and web series.","Popular TV shows and streaming series, especially those trending on platforms like Netflix, Amazon Prime, and Hotstar",,,,
Viral Challenges and Hashtags,"Craft a comprehensive marketing strategy for a social media platform that aligns with the consumer behavior trends and key attributes of Viral Challenges and Hashtags, focusing on participating in and creating content around trending social media challenges and hashtags. The strategy should outline promotional activities, target audience, messaging, and content placement ideas, emphasizing user engagement, brand visibility, and community building related to viral challenges and hashtags.",Participating in and creating content around trending social media challenges and hashtags,,,,
Influencer Collaborations,"Develop a comprehensive influencer marketing strategy for a brand that aligns with the consumer behavior trends and key attributes of Influencer Collaborations, focusing on working with popular influencers who are currently trending. The strategy should outline promotional activities, target audience, messaging, and content placement ideas, emphasizing authenticity, engagement, and brand alignment with trending influencers.",Working with popular influencers who are currently trending,,,,